Column1,Column2,Column3,AVG_accuracy,AVG_loss,interval_accuracy,interval_loss
0,0,0.5,0.08815635,2.470526695,0.040138839,0.294625793
1,2,0.5,0.155069552,2.316743755,0.122682291,0.099946247
2,4,0.5,0.185413402,2.259469604,0.179881759,0.05112715
3,6,0.5,0.185374218,2.248855639,0.191460605,0.097441832
4,8,0.5,0.270743531,2.173881388,0.142034276,0.077932538
5,10,0.5,0.358434558,2.129668427,0.213656462,0.106746265
6,12,0.5,0.37588166,2.06555171,0.12415485,0.120505982
7,14,0.5,0.38212676,2.001480699,0.235660975,0.16276216
8,16,0.5,0.507126772,1.913255048,0.10808475,0.161902102
9,18,0.5,0.512353051,1.834919596,0.172222877,0.204366551
10,20,0.5,0.560183191,1.735675168,0.126087468,0.236348102
11,22,0.5,0.582229626,1.638014817,0.143169442,0.260536385
12,24,0.5,0.632219827,1.531958294,0.08570509,0.306829644
13,26,0.5,0.623016262,1.458130956,0.123494869,0.283742118
14,28,0.5,0.628737271,1.379137206,0.102660214,0.259289732
15,30,0.5,0.65868926,1.28330636,0.101635877,0.301627171
16,32,0.5,0.647981977,1.254506564,0.187573382,0.334941085
17,34,0.5,0.677595997,1.157218552,0.07681755,0.195349764
18,36,0.5,0.642030776,1.171404552,0.091676636,0.293315458
19,38,0.5,0.678296435,1.093655705,0.106031433,0.210653461
20,40,0.5,0.707141459,0.992333961,0.063723113,0.180882851
21,42,0.5,0.67772336,1.03174969,0.100654112,0.206670483
22,44,0.5,0.705956101,0.969247317,0.10126067,0.300068753
23,46,0.5,0.682494128,0.995476067,0.171418315,0.353438065
24,48,0.5,0.717094445,0.908294642,0.078783103,0.215104364
25,50,0.5,0.716893613,0.887921858,0.148638777,0.357595752
26,52,0.5,0.739929473,0.837038398,0.093270859,0.221608371
27,54,0.5,0.735952199,0.835737813,0.066993276,0.168410568
28,56,0.5,0.726170647,0.864570141,0.089980557,0.237839305
29,58,0.5,0.743240607,0.806285024,0.095245806,0.235393652
30,60,0.5,0.751939642,0.783876097,0.059975647,0.158824441
31,62,0.5,0.74695338,0.790213788,0.134967275,0.348354892
32,64,0.5,0.75346297,0.772565246,0.098822377,0.283793167
33,66,0.5,0.751102066,0.774666691,0.008131385,0.025028523
34,68,0.5,0.756999409,0.767753959,0.104516815,0.303006037
35,70,0.5,0.769038987,0.735516679,0.045788368,0.155082741
36,72,0.5,0.762127745,0.739960229,0.102528093,0.242774014
37,74,0.5,0.776969039,0.709588695,0.037782114,0.108133371
38,76,0.5,0.762847757,0.747390354,0.09440166,0.260226993
39,78,0.5,0.784046817,0.687330556,0.059789781,0.182262929
40,80,0.5,0.787808585,0.674070275,0.051748832,0.165888968
41,82,0.5,0.770895374,0.729055679,0.132668574,0.40157396
42,84,0.5,0.795023513,0.651877832,0.03420968,0.085090401
43,86,0.5,0.794034088,0.650864911,0.042295183,0.104279859
44,88,0.5,0.785428095,0.683561945,0.081751464,0.260978572
45,90,0.5,0.789444566,0.665879714,0.059703431,0.180531693
46,92,0.5,0.788729417,0.66298219,0.04435547,0.147661716
47,94,0.5,0.795283115,0.655278409,0.044666506,0.135204257
48,96,0.5,0.793759799,0.659938276,0.062925976,0.200706199
49,98,0.5,0.80598551,0.620559072,0.039782472,0.12365019
50,100,0.5,0.800925732,0.641293776,0.033253662,0.11829242
0,0,0.63,0.09682112,2.603591394,0.036625468,0.447181235
1,2,0.63,0.118372844,2.32993083,0.043751954,0.063546047
2,4,0.63,0.152610697,2.285295248,0.199242296,0.111624759
3,6,0.63,0.127115989,2.26913023,0.128717624,0.078292841
4,8,0.63,0.268152431,2.195291328,0.07918683,0.124522882
5,10,0.63,0.277860504,2.150999403,0.193112064,0.100811103
6,12,0.63,0.320895377,2.090235662,0.367982374,0.114354556
7,14,0.63,0.394636554,2.02619803,0.182869871,0.162386688
8,16,0.63,0.467309952,1.944495487,0.179761379,0.186752678
9,18,0.63,0.503796041,1.867049813,0.063812021,0.205986927
10,20,0.63,0.533943969,1.778789783,0.142972728,0.209076913
11,22,0.63,0.572335422,1.683268762,0.227117082,0.285730273
12,24,0.63,0.610388911,1.579809022,0.10161604,0.248542218
13,26,0.63,0.607087588,1.493360114,0.152458192,0.27954071
14,28,0.63,0.64157033,1.398602605,0.15926118,0.241176163
15,30,0.63,0.647139513,1.333320332,0.076513186,0.305967434
16,32,0.63,0.643784273,1.265722656,0.082294132,0.152055352
17,34,0.63,0.668446326,1.187587142,0.075594525,0.173087026
18,36,0.63,0.693725514,1.108279824,0.061582079,0.237493194
19,38,0.63,0.697609723,1.051783562,0.079710092,0.216129161
20,40,0.63,0.703232753,1.016243947,0.079963529,0.188298279
21,42,0.63,0.700440836,0.994715989,0.133688447,0.205882734
22,44,0.63,0.716536045,0.94474088,0.098297487,0.187004739
23,46,0.63,0.734360301,0.891866064,0.071795413,0.172271342
24,48,0.63,0.724882448,0.902090585,0.0330449,0.095009427
25,50,0.63,0.729413211,0.867230415,0.070670027,0.169196168
26,52,0.63,0.742030764,0.833301866,0.056344588,0.117154834
27,54,0.63,0.731916153,0.850713801,0.131372472,0.343913823
28,56,0.63,0.74022336,0.823284876,0.083407036,0.226615215
29,58,0.63,0.739346588,0.828752685,0.078358789,0.208230987
30,60,0.63,0.75999707,0.767389143,0.062186179,0.147182863
31,62,0.63,0.754932404,0.776842403,0.09476259,0.214342973
32,64,0.63,0.757650864,0.764676309,0.05530995,0.141738674
33,66,0.63,0.7724383,0.717419016,0.022591107,0.070900046
34,68,0.63,0.76115793,0.750238955,0.067601941,0.148521456
35,70,0.63,0.776787817,0.708694029,0.043465726,0.121620464
36,72,0.63,0.767652822,0.724015737,0.078250859,0.198030255
37,74,0.63,0.782224703,0.691847885,0.041480718,0.114166424
38,76,0.63,0.778227854,0.703447413,0.101565685,0.24845018
39,78,0.63,0.763352275,0.731037378,0.117254172,0.282705057
40,80,0.63,0.779952002,0.695600796,0.053942727,0.146778268
41,82,0.63,0.769528794,0.72095052,0.159842853,0.433614401
42,84,0.63,0.790811133,0.66915499,0.058798229,0.175835669
43,86,0.63,0.787083662,0.675801837,0.055969438,0.160220543
44,88,0.63,0.784644389,0.68798424,0.08400903,0.24599974
45,90,0.63,0.796507657,0.650970292,0.092119576,0.272999612
46,92,0.63,0.805143034,0.626268959,0.023540421,0.080734311
47,94,0.63,0.799711001,0.638643146,0.022580434,0.068329135
48,96,0.63,0.801596797,0.636412764,0.044539589,0.126641197
49,98,0.63,0.801655567,0.631725621,0.036026684,0.08838032
50,100,0.63,0.806132436,0.620283306,0.054996988,0.150738399
0,0,0.69,0.10456015,2.622556925,0.052481814,0.533853801
1,2,0.69,0.105559365,2.334681892,0.038291927,0.069306362
2,4,0.69,0.147668496,2.286207104,0.209616876,0.102241847
3,6,0.69,0.163940047,2.260055733,0.152039757,0.04600238
4,8,0.69,0.293465906,2.185086107,0.172093225,0.117324466
5,10,0.69,0.26611971,2.140616512,0.218705865,0.061299432
6,12,0.69,0.339488637,2.08525157,0.359668517,0.126270109
7,14,0.69,0.397501963,2.007467532,0.128079358,0.140270798
8,16,0.69,0.451141256,1.930690813,0.272952964,0.133010063
9,18,0.69,0.541242158,1.847084951,0.062331747,0.15320745
10,20,0.69,0.515840524,1.759682012,0.162832606,0.154685589
11,22,0.69,0.567956495,1.657782364,0.174703167,0.15814385
12,24,0.69,0.619479823,1.561990547,0.125833262,0.166228409
13,26,0.69,0.631916153,1.464457226,0.081085512,0.172143271
14,28,0.69,0.631093252,1.379684591,0.06977939,0.147782217
15,30,0.69,0.669587576,1.295192122,0.067484071,0.112290589
16,32,0.69,0.671742749,1.235085893,0.152951954,0.253570434
17,34,0.69,0.64689461,1.214914584,0.146201714,0.253628747
18,36,0.69,0.706362665,1.102517867,0.075498354,0.223621445
19,38,0.69,0.659041941,1.122472286,0.216854517,0.356644474
20,40,0.69,0.712073851,1.004137766,0.073618652,0.156422896
21,42,0.69,0.713989031,0.976915622,0.062333134,0.133611838
22,44,0.69,0.710423207,0.959833276,0.100483006,0.199607034
23,46,0.69,0.73085326,0.901184464,0.057908431,0.130208644
24,48,0.69,0.718108356,0.911970425,0.062268262,0.142591331
25,50,0.69,0.749368143,0.824817824,0.040736317,0.08976585
26,52,0.69,0.736799574,0.845107329,0.050293572,0.150860827
27,54,0.69,0.749691427,0.806386137,0.035738173,0.058705402
28,56,0.69,0.750646555,0.799959791,0.05050478,0.183187421
29,58,0.69,0.760766077,0.7656178,0.046238267,0.103681212
30,60,0.69,0.770621085,0.737633431,0.019429811,0.038333803
31,62,0.69,0.759419084,0.768687522,0.064126008,0.185292957
32,64,0.69,0.762534297,0.75612433,0.039255189,0.084579421
33,66,0.69,0.776606584,0.713498628,0.05208023,0.147614882
34,68,0.69,0.767829168,0.736048377,0.047194511,0.104124899
35,70,0.69,0.781857359,0.694207597,0.02056794,0.075124716
36,72,0.69,0.779403412,0.699978483,0.018345008,0.053523928
37,74,0.69,0.779849148,0.69584198,0.037234308,0.082331516
38,76,0.69,0.777429461,0.706600714,0.070248295,0.218683664
39,78,0.69,0.782102263,0.694367683,0.025460583,0.069800118
40,80,0.69,0.79667418,0.651111221,0.037168135,0.08195497
41,82,0.69,0.783512938,0.69349438,0.048505404,0.147526605
42,84,0.69,0.796796632,0.649362504,0.034049461,0.096650345
43,86,0.69,0.799407327,0.636763215,0.041441861,0.108992348
44,88,0.69,0.792412806,0.661915886,0.054758047,0.184270137
45,90,0.69,0.795297813,0.656542647,0.037866817,0.121716631
46,92,0.69,0.80386461,0.627848148,0.03797201,0.100349958
47,94,0.69,0.808145583,0.618500483,0.027735481,0.100687718
48,96,0.69,0.806641853,0.626257229,0.038300241,0.120680393
49,98,0.69,0.803898895,0.630695581,0.036955591,0.072824722
50,100,0.69,0.810217464,0.60794065,0.035824974,0.094098832
0,0,0.77,0.105187108,2.564100313,0.045903675,0.592742639
1,2,0.77,0.112725313,2.331944084,0.070829536,0.119164272
2,4,0.77,0.159046827,2.277723789,0.198476327,0.152348565
3,6,0.77,0.195528021,2.253818846,0.149628939,0.082431575
4,8,0.77,0.259708074,2.188463545,0.139602042,0.086103139
5,10,0.77,0.276293099,2.144284058,0.106184243,0.073807057
6,12,0.77,0.347820336,2.085056305,0.36205023,0.123541708
7,14,0.77,0.461373436,2.010427642,0.135640987,0.143178466
8,16,0.77,0.464733535,1.93912015,0.292053056,0.187343244
9,18,0.77,0.531504685,1.857158661,0.260537676,0.195689382
10,20,0.77,0.580892432,1.758012033,0.151637524,0.175638699
11,22,0.77,0.593363047,1.665218091,0.106123902,0.211174771
12,24,0.77,0.612519598,1.570178819,0.147464957,0.175774138
13,26,0.77,0.620572114,1.47346282,0.143558828,0.140716113
14,28,0.77,0.648966491,1.368502569,0.136912663,0.188828985
15,30,0.77,0.68423785,1.27046833,0.054838998,0.141367382
16,32,0.77,0.656083453,1.237578058,0.127720703,0.158665141
17,34,0.77,0.659747255,1.17240479,0.140194863,0.187367011
18,36,0.77,0.678423786,1.133782625,0.166535721,0.369633115
19,38,0.77,0.689131069,1.058900857,0.128344267,0.227543734
20,40,0.77,0.715419269,0.982051408,0.026444419,0.128772399
21,42,0.77,0.705128324,0.97484982,0.072177723,0.170169068
22,44,0.77,0.727424574,0.919762111,0.070299945,0.162688458
23,46,0.77,0.745861089,0.859067011,0.044711901,0.094890399
24,48,0.77,0.719465113,0.897920442,0.110306091,0.259604978
25,50,0.77,0.735702395,0.855806684,0.025449431,0.07969983
26,52,0.77,0.752512741,0.808223069,0.037614458,0.117986587
27,54,0.77,0.748280752,0.808045065,0.062601968,0.132848362
28,56,0.77,0.758321893,0.78002038,0.041718214,0.099780447
29,58,0.77,0.761804461,0.766957998,0.057316687,0.152439992
30,60,0.77,0.762730193,0.76443913,0.028512899,0.069123162
31,62,0.77,0.769136965,0.739852476,0.030253475,0.07298201
32,64,0.77,0.768862665,0.736152494,0.039750048,0.120250012
33,66,0.77,0.782376575,0.703500795,0.014996427,0.048978634
34,68,0.77,0.768328762,0.738406718,0.029394551,0.086383545
35,70,0.77,0.781455708,0.705213916,0.022815735,0.074673379
36,72,0.77,0.778546238,0.70102644,0.06382126,0.158027335
37,74,0.77,0.778110301,0.703888547,0.033243096,0.117522142
38,76,0.77,0.782116961,0.68926369,0.019263628,0.047393337
39,78,0.77,0.787485301,0.680095828,0.028104112,0.07219066
40,80,0.77,0.793392444,0.66178329,0.027762208,0.065574798
41,82,0.77,0.792461789,0.658658838,0.01697581,0.041377775
42,84,0.77,0.797790956,0.646022475,0.01893462,0.056222548
43,86,0.77,0.791330314,0.665304303,0.017268995,0.045042707
44,88,0.77,0.801376367,0.637793732,0.033411743,0.086075631
45,90,0.77,0.802796841,0.629047394,0.030836735,0.080778275
46,92,0.77,0.799495494,0.643969309,0.050069418,0.151522363
47,94,0.77,0.808703947,0.621228564,0.036914031,0.108587255
48,96,0.77,0.805578959,0.621494293,0.031875709,0.086867952
49,98,0.77,0.797668493,0.644100916,0.04248083,0.135272846
50,100,0.77,0.80576998,0.620988393,0.031853423,0.080787276
0,0,0.9,0.101557602,2.653795004,0.009626786,0.482619981
1,2,0.9,0.110976683,2.320763731,0.056213103,0.055560142
2,4,0.9,0.174226099,2.295710325,0.153786001,0.112237932
3,6,0.9,0.162049371,2.251304102,0.235371577,0.048034221
4,8,0.9,0.204751179,2.195439434,0.229836728,0.077732959
5,10,0.9,0.326635981,2.143538666,0.139344234,0.081366249
6,12,0.9,0.349975508,2.09021368,0.24330593,0.111440242
7,14,0.9,0.415159672,2.021020555,0.177098365,0.125860495
8,16,0.9,0.465644598,1.953608632,0.199006653,0.169216368
9,18,0.9,0.526694745,1.866246009,0.113539789,0.177519975
10,20,0.9,0.534874618,1.776779938,0.083310463,0.21342356
11,22,0.9,0.589346588,1.681073165,0.140015782,0.24640819
12,24,0.9,0.623760772,1.584991574,0.084148755,0.232249896
13,26,0.9,0.612661636,1.493448496,0.102620501,0.237261859
14,28,0.9,0.651954353,1.399207759,0.086418522,0.195177512
15,30,0.9,0.655157721,1.317673969,0.160903078,0.310643501
16,32,0.9,0.670341873,1.240915084,0.123623983,0.246226169
17,34,0.9,0.676954353,1.18302145,0.130739902,0.217060123
18,36,0.9,0.682836986,1.114803243,0.0990441,0.205912264
19,38,0.9,0.691727066,1.071596074,0.117438475,0.271249046
20,40,0.9,0.688195527,1.041207004,0.089031803,0.224424956
21,42,0.9,0.713068187,0.961568606,0.084353177,0.208481819
22,44,0.9,0.728702986,0.915385652,0.054380033,0.155736226
23,46,0.9,0.708591306,0.950138271,0.065981866,0.18692111
24,48,0.9,0.734864807,0.87219137,0.093708264,0.240615925
25,50,0.9,0.741060925,0.851628852,0.038704683,0.110105883
26,52,0.9,0.727473545,0.871290624,0.064301353,0.147287697
27,54,0.9,0.758434558,0.792127812,0.039676706,0.126938498
28,56,0.9,0.754339743,0.793545449,0.05847715,0.179389151
29,58,0.9,0.757876182,0.773171771,0.03177522,0.103094999
30,60,0.9,0.745606387,0.808082223,0.075852319,0.183415722
31,62,0.9,0.771419477,0.739574015,0.040687417,0.122354415
32,64,0.9,0.753624606,0.787157404,0.129472208,0.348088279
33,66,0.9,0.750886559,0.780230939,0.099730564,0.212145241
34,68,0.9,0.77501471,0.72120297,0.022640618,0.072727778
35,70,0.9,0.768519795,0.734625912,0.077087842,0.206753067
36,72,0.9,0.772149301,0.723773003,0.03705496,0.081042931
37,74,0.9,0.775264502,0.711071432,0.033178608,0.070596226
38,76,0.9,0.775132251,0.715059435,0.043622249,0.121387289
39,78,0.9,0.790786636,0.668102622,0.024909678,0.069804222
40,80,0.9,0.7674667,0.728874671,0.078985701,0.21019691
41,82,0.9,0.783189654,0.689504552,0.03937051,0.121954092
42,84,0.9,0.791149116,0.664357257,0.066154461,0.155790443
43,86,0.9,0.790757251,0.666375661,0.031847132,0.090893511
44,88,0.9,0.795253718,0.654284918,0.055166772,0.143158629
45,90,0.9,0.800626957,0.637528551,0.029866195,0.090853057
46,92,0.9,0.803884208,0.627679837,0.02962488,0.076399556
47,94,0.9,0.798550141,0.643876779,0.044555271,0.126049857
48,96,0.9,0.807851684,0.615536833,0.034405168,0.10179703
49,98,0.9,0.811628127,0.604871309,0.026777272,0.080470297
50,100,0.9,0.802684176,0.631489289,0.027514006,0.078065046
0,0,1.2,0.093774493,2.629725075,0.043523566,0.424462412
1,2,1.2,0.131725119,2.332529163,0.057673074,0.069047162
2,4,1.2,0.139493532,2.291255474,0.052275514,0.121075945
3,6,1.2,0.142001371,2.277239799,0.184628879,0.094351762
4,8,1.2,0.225641656,2.197672033,0.202495994,0.052275468
5,10,1.2,0.261383229,2.160298109,0.120227895,0.110907574
6,12,1.2,0.351655567,2.0963727,0.248839535,0.062270926
7,14,1.2,0.430681819,2.030627298,0.130231207,0.157150819
8,16,1.2,0.453443378,1.955729604,0.121985914,0.172970069
9,18,1.2,0.507170844,1.878968,0.160195524,0.187217021
10,20,1.2,0.581979811,1.783501267,0.196162912,0.237737869
11,22,1.2,0.583125973,1.693244171,0.120751056,0.206102446
12,24,1.2,0.622105205,1.58286109,0.086004801,0.274533321
13,26,1.2,0.661383235,1.488164997,0.132051082,0.271779371
14,28,1.2,0.676234329,1.395347071,0.095208026,0.202152109
15,30,1.2,0.6794034,1.299406505,0.028817998,0.201902839
16,32,1.2,0.655152822,1.262323022,0.176816414,0.299721039
17,34,1.2,0.678516865,1.190622401,0.165054524,0.292110995
18,36,1.2,0.709428883,1.092810893,0.028824688,0.154586123
19,38,1.2,0.7156201,1.030998981,0.076805842,0.194953613
20,40,1.2,0.728702974,0.980495024,0.028547837,0.158162595
21,42,1.2,0.729471982,0.943099189,0.052123731,0.140716035
22,44,1.2,0.734546435,0.904439819,0.058234771,0.14807004
23,46,1.2,0.742936909,0.860877061,0.031235281,0.09832049
24,48,1.2,0.742025864,0.857020795,0.034774744,0.094631801
25,50,1.2,0.750284088,0.823667657,0.022878523,0.095724794
26,52,1.2,0.749666929,0.810383582,0.037835637,0.068685758
27,54,1.2,0.743265092,0.82331171,0.029016593,0.055702028
28,56,1.2,0.75889498,0.778480518,0.050291463,0.142796825
29,58,1.2,0.769425941,0.746290851,0.049500368,0.102078308
30,60,1.2,0.759041929,0.768718553,0.045114779,0.128722108
31,62,1.2,0.7700333,0.732254553,0.047519809,0.148574252
32,64,1.2,0.780662239,0.706361639,0.032411081,0.079750116
33,66,1.2,0.78302803,0.698119879,0.037406208,0.119151199
34,68,1.2,0.776689851,0.708738685,0.041748691,0.105700844
35,70,1.2,0.786422408,0.684474337,0.038225241,0.10419292
36,72,1.2,0.789694345,0.672322714,0.014020288,0.04464532
37,74,1.2,0.792505872,0.662188709,0.013006162,0.044668211
38,76,1.2,0.792094433,0.663247418,0.024854274,0.082019219
39,78,1.2,0.795214534,0.658916855,0.023235023,0.077508032
40,80,1.2,0.796537018,0.651102948,0.011109431,0.047261096
41,82,1.2,0.796292126,0.64832046,0.014137457,0.062395985
42,84,1.2,0.796027625,0.651415157,0.046433624,0.135239255
43,86,1.2,0.801969051,0.635944319,0.021666846,0.076928945
44,88,1.2,0.804212379,0.625907946,0.022641961,0.082115284
45,90,1.2,0.797923195,0.639611602,0.034259737,0.108916846
46,92,1.2,0.806749606,0.619173336,0.025391149,0.068179372
47,94,1.2,0.813386559,0.597264349,0.021427244,0.062482459
48,96,1.2,0.807969236,0.610427213,0.026404866,0.077311942
49,98,1.2,0.810721993,0.60927459,0.029444878,0.088035294
50,100,1.2,0.816354823,0.589762509,0.032956467,0.092252719
0,0,1.34,0.102635188,2.609156513,0.023533827,0.425862172
1,2,1.34,0.127840909,2.3180439,0.106457006,0.048194633
2,4,1.34,0.138317986,2.292362928,0.124065221,0.151404066
3,6,1.34,0.163224921,2.250619984,0.166440787,0.071560334
4,8,1.34,0.255255681,2.194350195,0.319078549,0.109852648
5,10,1.34,0.302194348,2.135646343,0.197730556,0.087121016
6,12,1.34,0.382773316,2.083477068,0.272788201,0.137912151
7,14,1.34,0.454036051,2.005292797,0.149350423,0.152358882
8,16,1.34,0.44633621,1.941240406,0.095884544,0.186018348
9,18,1.34,0.540345812,1.84888916,0.211326966,0.22762596
10,20,1.34,0.553634405,1.761437273,0.243143002,0.229381935
11,22,1.34,0.596341097,1.658968353,0.177047637,0.282507739
12,24,1.34,0.629075229,1.573596764,0.043144882,0.262800736
13,26,1.34,0.643671632,1.461875367,0.140067735,0.299261622
14,28,1.34,0.658806813,1.37812326,0.102059895,0.236183646
15,30,1.34,0.66644299,1.319024372,0.144916723,0.164881326
16,32,1.34,0.69158504,1.217724109,0.068528079,0.234783804
17,34,1.34,0.677924192,1.168600845,0.035298865,0.118043494
18,36,1.34,0.706538987,1.089189589,0.085035967,0.260746128
19,38,1.34,0.702037621,1.061124015,0.098362466,0.134036603
20,40,1.34,0.715654385,0.996020532,0.081785553,0.230059017
21,42,1.34,0.724426913,0.950535548,0.069825129,0.16421773
22,44,1.34,0.722585213,0.92798475,0.081737915,0.1709361
23,46,1.34,0.732934952,0.890328205,0.06286027,0.135706194
24,48,1.34,0.74443084,0.851864254,0.054657743,0.143208933
25,50,1.34,0.741810358,0.843718064,0.043677892,0.111749581
26,52,1.34,0.745239031,0.826779377,0.06923237,0.151722449
27,54,1.34,0.763028991,0.782849216,0.052025644,0.138632073
28,56,1.34,0.769621861,0.756863534,0.045997976,0.109127469
29,58,1.34,0.759130085,0.772542381,0.022875045,0.059429097
30,60,1.34,0.773319948,0.731530726,0.020629399,0.067337237
31,62,1.34,0.783248436,0.707079768,0.030291827,0.099042734
32,64,1.34,0.77860502,0.713094664,0.035219602,0.103518594
33,66,1.34,0.775729835,0.718359983,0.043973049,0.125029559
34,68,1.34,0.789713967,0.68183223,0.032437064,0.099566752
35,70,1.34,0.794685543,0.663406515,0.022080987,0.07755914
36,72,1.34,0.785908115,0.686976361,0.035520231,0.093496252
37,74,1.34,0.797639096,0.65468421,0.014300173,0.05006451
38,76,1.34,0.802468657,0.641238821,0.036366537,0.086400616
39,78,1.34,0.796889699,0.6543975,0.0266987,0.075320547
40,80,1.34,0.79837873,0.651481926,0.048727866,0.150741233
41,82,1.34,0.808072102,0.617637098,0.019052407,0.046534398
42,84,1.34,0.806029594,0.622805405,0.033694241,0.096605721
43,86,1.34,0.798315048,0.648341167,0.017959352,0.050232039
44,88,1.34,0.808689249,0.614360154,0.04077332,0.106682979
45,90,1.34,0.810085225,0.610373509,0.018739551,0.042185423
46,92,1.34,0.802370691,0.635975683,0.02401791,0.068281556
47,94,1.34,0.81284287,0.603496277,0.015639345,0.040239887
48,96,1.34,0.816261756,0.591305661,0.026084374,0.073399185
49,98,1.34,0.817706704,0.589027834,0.031036745,0.091489661
50,100,1.34,0.810295844,0.611451077,0.020754351,0.045530119
0,0,1.61,0.100749412,2.837459898,0.010054578,1.754711884
1,2,1.61,0.125181231,2.325276852,0.077257481,0.090591819
2,4,1.61,0.137681232,2.301415157,0.142326966,0.184121021
3,6,1.61,0.176998432,2.259108114,0.141858339,0.123473929
4,8,1.61,0.216256857,2.202799416,0.24188976,0.097642729
5,10,1.61,0.286809364,2.159799671,0.35233004,0.135106538
6,12,1.61,0.34599824,2.1067101,0.154243101,0.158038832
7,14,1.61,0.418603057,2.039361191,0.128791423,0.171815806
8,16,1.61,0.459938276,1.97273674,0.260423175,0.205316135
9,18,1.61,0.522271746,1.893260574,0.277154383,0.236484677
10,20,1.61,0.525112653,1.810645485,0.23733334,0.282510719
11,22,1.61,0.595875776,1.716130161,0.20277524,0.295332114
12,24,1.61,0.617251176,1.617944551,0.266838551,0.338438934
13,26,1.61,0.61256367,1.526904392,0.254723637,0.36401519
14,28,1.61,0.664860892,1.422887301,0.128239585,0.350025149
15,30,1.61,0.671698666,1.34678421,0.196551237,0.386380815
16,32,1.61,0.674373031,1.270752788,0.060971577,0.253205598
17,34,1.61,0.689826608,1.186178184,0.146936389,0.276686766
18,36,1.61,0.706774092,1.127660608,0.104953156,0.290684324
19,38,1.61,0.699784482,1.078802323,0.127910019,0.300607557
20,40,1.61,0.716325426,1.01802671,0.093602384,0.26663845
21,42,1.61,0.727884996,0.962201989,0.058171366,0.175564141
22,44,1.61,0.717442191,0.950115657,0.130825668,0.356564785
23,46,1.61,0.742045438,0.885932708,0.047169384,0.181313355
24,48,1.61,0.740576005,0.872402143,0.112767264,0.304214203
25,50,1.61,0.751337194,0.832753813,0.028284024,0.120941606
26,52,1.61,0.74585129,0.829397619,0.043095699,0.119221925
27,54,1.61,0.756338179,0.792663991,0.038189786,0.131734046
28,56,1.61,0.762955534,0.774111879,0.041739198,0.126449231
29,58,1.61,0.768323863,0.756791139,0.01492546,0.05123541
30,60,1.61,0.765071523,0.755906403,0.014139738,0.030444294
31,62,1.61,0.774951005,0.725932145,0.036331842,0.10592121
32,64,1.61,0.768064272,0.740582132,0.054009663,0.130515214
33,66,1.61,0.77977078,0.711319029,0.042687101,0.115904659
34,68,1.61,0.779770768,0.703732383,0.034044457,0.089181691
35,70,1.61,0.784296632,0.688544559,0.049650003,0.113277336
36,72,1.61,0.788646162,0.677044797,0.020052142,0.056229301
37,74,1.61,0.78539381,0.682533562,0.035007726,0.101030056
38,76,1.61,0.797658706,0.649390972,0.026187415,0.069937098
39,78,1.61,0.79551332,0.654573643,0.013161488,0.026380875
40,80,1.61,0.798143613,0.644188464,0.033544741,0.086232516
41,82,1.61,0.803477669,0.63251096,0.033558754,0.100639593
42,84,1.61,0.799284875,0.641424513,0.032497494,0.081615936
43,86,1.61,0.801244128,0.637992239,0.01970499,0.048011619
44,88,1.61,0.801645768,0.634641266,0.023731567,0.07117972
45,90,1.61,0.811824071,0.605905163,0.020796974,0.064335168
46,92,1.61,0.808850896,0.613315547,0.015747451,0.053875558
47,94,1.61,0.808400273,0.617619669,0.028029988,0.064022877
48,96,1.61,0.813783312,0.597750282,0.014998946,0.038353244
49,98,1.61,0.812681234,0.601833975,0.019883351,0.079686073
50,100,1.61,0.813073075,0.602493906,0.023814797,0.083098953
0,0,1.87,0.098168103,2.588787031,0.039070967,0.409874612
1,2,1.87,0.128786248,2.315765905,0.09589817,0.062251697
2,4,1.87,0.149422021,2.299939871,0.152605695,0.121185632
3,6,1.87,0.143064265,2.250947475,0.151199863,0.073768682
4,8,1.87,0.256078565,2.198807955,0.226169008,0.054334557
5,10,1.87,0.330123436,2.146036339,0.127981578,0.042864126
6,12,1.87,0.304261363,2.103874779,0.291637023,0.058220348
7,14,1.87,0.464753133,2.028097916,0.211054302,0.079958554
8,16,1.87,0.489282906,1.965302277,0.146993963,0.091976569
9,18,1.87,0.5257837,1.8785748,0.097206241,0.107784683
10,20,1.87,0.555123436,1.791219568,0.228524751,0.139273939
11,22,1.87,0.606778991,1.693902349,0.085860946,0.144991266
12,24,1.87,0.638337564,1.598445868,0.034204441,0.130109624
13,26,1.87,0.644107568,1.495543098,0.090101347,0.140937841
14,28,1.87,0.674133027,1.397186327,0.09507525,0.165878436
15,30,1.87,0.689958858,1.311664891,0.077694298,0.130920372
16,32,1.87,0.69835912,1.217719316,0.058448462,0.13613293
17,34,1.87,0.686779988,1.163274145,0.030750889,0.103378577
18,36,1.87,0.704986298,1.103438377,0.074953763,0.18675635
19,38,1.87,0.725974715,1.014340746,0.071594831,0.129481599
20,40,1.87,0.712798786,0.994827569,0.068707996,0.174119734
21,42,1.87,0.723677504,0.962406623,0.076916705,0.176814986
22,44,1.87,0.739189851,0.890440929,0.076327618,0.176639556
23,46,1.87,0.724412215,0.903343201,0.070401185,0.176574314
24,48,1.87,0.748702002,0.838780653,0.055636898,0.138764476
25,50,1.87,0.75062207,0.816846836,0.030253348,0.092724739
26,52,1.87,0.747810531,0.810057032,0.045728735,0.131530401
27,54,1.87,0.750558388,0.800047612,0.02558977,0.096775047
28,56,1.87,0.769558203,0.752224171,0.02440346,0.064360455
29,58,1.87,0.765419281,0.753924477,0.039399519,0.121927562
30,60,1.87,0.768867552,0.741112959,0.047729888,0.126170685
31,62,1.87,0.775646532,0.724534333,0.030205202,0.079061597
32,64,1.87,0.777057207,0.710308444,0.026813417,0.069266656
33,66,1.87,0.775391865,0.715105975,0.046601712,0.11037122
34,68,1.87,0.780725908,0.698071575,0.018374168,0.057490315
35,70,1.87,0.785643613,0.681817567,0.027879408,0.064568554
36,72,1.87,0.790350711,0.670281935,0.018338645,0.046595158
37,74,1.87,0.787426531,0.673745883,0.021192915,0.04982094
38,76,1.87,0.791780961,0.659503853,0.021218248,0.06237582
39,78,1.87,0.797350109,0.646058583,0.021081036,0.050118664
40,80,1.87,0.791212773,0.662754333,0.04682149,0.122339226
41,82,1.87,0.797448075,0.643318486,0.01561325,0.039625799
42,84,1.87,0.803110313,0.628295648,0.013989364,0.0327231
43,86,1.87,0.804124212,0.627254856,0.023435165,0.052368586
44,88,1.87,0.806009996,0.621924841,0.035052365,0.105442122
45,90,1.87,0.803492355,0.626543915,0.035419279,0.102942813
46,92,1.87,0.812240398,0.604213285,0.013998388,0.036086406
47,94,1.87,0.809032118,0.613008082,0.027048611,0.066761261
48,96,1.87,0.808762729,0.611150956,0.025891495,0.066245094
49,98,1.87,0.817672408,0.586381423,0.024751377,0.060074824
50,100,1.87,0.816227484,0.589870751,0.012009905,0.039068828
0,0,2.38,0.102747846,2.714399242,0.020747926,0.744400102
1,2,2.38,0.118431625,2.341434669,0.069832461,0.157667533
2,4,2.38,0.124324059,2.298550797,0.08045687,0.147134295
3,6,2.38,0.160932598,2.276787424,0.127677737,0.18352712
4,8,2.38,0.284252548,2.197023106,0.338461617,0.121788114
5,10,2.38,0.286059958,2.165795994,0.247781177,0.144842637
6,12,2.38,0.298006466,2.101479101,0.380438634,0.187325752
7,14,2.38,0.408444363,2.040000129,0.283924117,0.191225475
8,16,2.38,0.497482359,1.971817017,0.046113442,0.226940549
9,18,2.38,0.549240804,1.882213044,0.127310731,0.256299471
10,20,2.38,0.547462773,1.800317764,0.210202365,0.280198547
11,22,2.38,0.608165169,1.700524473,0.112119509,0.298154726
12,24,2.38,0.647315836,1.601716685,0.070536478,0.271774891
13,26,2.38,0.659747255,1.499980211,0.037335417,0.283433246
14,28,2.38,0.671086407,1.401393676,0.070100856,0.287673595
15,30,2.38,0.683253336,1.31014812,0.017668056,0.24473543
16,32,2.38,0.702150273,1.226019955,0.079378619,0.194975768
17,34,2.38,0.682376575,1.179776239,0.049155121,0.170076535
18,36,2.38,0.692001379,1.120172,0.115617772,0.276596708
19,38,2.38,0.726768219,1.025262499,0.068042593,0.148048564
20,40,2.38,0.722986865,0.993709123,0.053782047,0.153834216
21,42,2.38,0.7221542,0.963631833,0.06830582,0.180707568
22,44,2.38,0.727547026,0.921195447,0.068987612,0.148557962
23,46,2.38,0.740615201,0.8770316,0.075661008,0.157341448
24,48,2.38,0.737436318,0.867474401,0.056626419,0.159174361
25,50,2.38,0.745082283,0.833294785,0.024448577,0.085433732
26,52,2.38,0.750994325,0.811180365,0.03707439,0.111055215
27,54,2.38,0.758669674,0.786220706,0.050749677,0.121578658
28,56,2.38,0.758654988,0.780040991,0.057722184,0.175129482
29,58,2.38,0.768260205,0.745548666,0.028551722,0.075316878
30,60,2.38,0.764444554,0.754868293,0.062742714,0.17342581
31,62,2.38,0.77520082,0.724243867,0.015024639,0.060226245
32,64,2.38,0.778267038,0.709639025,0.034858202,0.075564755
33,66,2.38,0.778884208,0.707056832,0.052191993,0.126262966
34,68,2.38,0.783557022,0.688874912,0.025659758,0.079756443
35,70,2.38,0.784521949,0.6845541,0.012046396,0.04762575
36,72,2.38,0.791276455,0.666026998,0.023876639,0.033217849
37,74,2.38,0.789170253,0.670915818,0.035361097,0.094598617
38,76,2.38,0.793221021,0.659528506,0.016793982,0.055875045
39,78,2.38,0.796566427,0.647240222,0.032016432,0.078388528
40,80,2.38,0.794058585,0.654728103,0.049481801,0.132170357
41,82,2.38,0.799079156,0.639743352,0.015536555,0.046791254
42,84,2.38,0.802997637,0.628455091,0.014141482,0.039610314
43,86,2.38,0.803982162,0.627669489,0.027198409,0.082204787
44,88,2.38,0.801660466,0.632112515,0.019117399,0.056663955
45,90,2.38,0.807170844,0.616371965,0.027121209,0.082998423
46,92,2.38,0.808209264,0.614153075,0.015455139,0.036080156
47,94,2.38,0.808772528,0.612289,0.027579778,0.074421856
48,96,2.38,0.81128037,0.603123164,0.014142538,0.044474628
49,98,2.38,0.816364622,0.589488828,0.019413006,0.072739102
50,100,2.38,0.814327013,0.592427337,0.013829117,0.049422956
0,0,3.92,0.101053095,2.646313953,0.022912225,0.3115972
1,2,3.92,0.104775666,2.341266775,0.037115647,0.120160602
2,4,3.92,0.129256465,2.293721342,0.131323698,0.13503397
3,6,3.92,0.140820923,2.266767836,0.094693169,0.103456609
4,8,3.92,0.23246963,2.197294235,0.235968187,0.117984527
5,10,3.92,0.250999218,2.151982355,0.238886045,0.12193267
6,12,3.92,0.270787618,2.103106594,0.323413567,0.138144621
7,14,3.92,0.431254905,2.02040019,0.20182085,0.190557541
8,16,3.92,0.474730605,1.958630347,0.068397984,0.223133667
9,18,3.92,0.53790164,1.866954851,0.106632843,0.246621555
10,20,3.92,0.532273698,1.785067272,0.215064119,0.281594233
11,22,3.92,0.613670647,1.685089016,0.051986268,0.284378163
12,24,3.92,0.643774486,1.5846843,0.053986869,0.290007974
13,26,3.92,0.652370703,1.49155426,0.070614334,0.269529953
14,28,3.92,0.657479417,1.397456932,0.041416069,0.268749808
15,30,3.92,0.678619719,1.316700935,0.032742246,0.195194966
16,32,3.92,0.700739622,1.223662925,0.059986051,0.153054513
17,34,3.92,0.66059463,1.208079123,0.05611253,0.115189258
18,36,3.92,0.686711419,1.130862451,0.097121847,0.242016076
19,38,3.92,0.704310346,1.07072742,0.160629069,0.246680385
20,40,3.92,0.714934361,1.000637043,0.034461891,0.139914013
21,42,3.92,0.713611865,0.979074216,0.084077191,0.178363582
22,44,3.92,0.707606781,0.964435351,0.077631865,0.158657918
23,46,3.92,0.73655957,0.886908817,0.083151886,0.15105816
24,48,3.92,0.72466203,0.900506926,0.073610583,0.157302793
25,50,3.92,0.735001969,0.85422399,0.022047146,0.06430165
26,52,3.92,0.746243131,0.825629151,0.040913899,0.112056331
27,54,3.92,0.758537424,0.791982651,0.038808934,0.082930247
28,56,3.92,0.752708662,0.795675719,0.04826767,0.149458151
29,58,3.92,0.760354638,0.766294289,0.040993571,0.097401611
30,60,3.92,0.761353838,0.760837972,0.034274738,0.089267277
31,62,3.92,0.769763911,0.742728531,0.026706078,0.069599653
32,64,3.92,0.76935246,0.734013414,0.031192186,0.044711929
33,66,3.92,0.770111692,0.732615602,0.055805428,0.134284776
34,68,3.92,0.781867182,0.702642345,0.011114269,0.028982605
35,70,3.92,0.780402637,0.701320624,0.015941641,0.055776679
36,72,3.92,0.790149891,0.669257283,0.032205804,0.074391372
37,74,3.92,0.790487838,0.668935919,0.029464292,0.066351293
38,76,3.92,0.792760587,0.665006649,0.018537457,0.057912797
39,78,3.92,0.795033312,0.659356296,0.029312265,0.083429344
40,80,3.92,0.796483159,0.652784514,0.057199073,0.137754142
41,82,3.92,0.798452187,0.64802742,0.021124209,0.082098357
42,84,3.92,0.798349345,0.645836866,0.0284119,0.075726435
43,86,3.92,0.80087676,0.639182484,0.03053166,0.071815129
44,88,3.92,0.801136351,0.638183129,0.029907557,0.094796258
45,90,3.92,0.804883432,0.626993585,0.023963697,0.055932808
46,92,3.92,0.804496491,0.628384793,0.039411417,0.093172568
47,94,3.92,0.811246073,0.609484637,0.028750559,0.072119923
48,96,3.92,0.815585816,0.59566772,0.025602019,0.072144738
49,98,3.92,0.806666338,0.616779649,0.043342289,0.106352556
50,100,3.92,0.807219827,0.614665866,0.02357761,0.064734033
