Column1,Column2,Column3,Column4,Column5,Column6
200,0,10.7703374,0,1.485399746,0
200,1,10.5223992,0,1.535216307,0
200,2,8.25673314,0.010233232,1.403451277,0.018607975
200,3,2.04670532,0.279878198,1.055177447,0.11403153
200,4,0.861067986,0.536659614,0.153257626,0.047827467
200,5,0.733194718,0.64132172,0.250060937,0.05340556
200,6,0.715342756,0.68054937,0.023441264,0.011350632
200,7,0.693512572,0.708370614,0.108487313,0.035152496
200,8,0.670988918,0.72317662,0.129221189,0.059246335
200,9,0.6952453,0.72163372,0.081431293,0.077434894
200,10,0.692394632,0.7162693,0.0814924,0.071982415
200,11,0.683204094,0.723299186,0.063789775,0.040536236
200,12,0.66328779,0.746795296,0.154523817,0.036536349
200,13,0.682798314,0.740345008,0.083793731,0.065944615
200,14,0.68568084,0.736925134,0.157184494,0.080411489
200,15,0.67258396,0.748573704,0.124278397,0.054438385
200,16,0.674994172,0.748688196,0.118474194,0.030566729
200,17,0.681130344,0.755646646,0.086105565,0.058043785
200,18,0.688743536,0.753149546,0.083275041,0.059373163
200,19,0.67344428,0.753731346,0.091047823,0.060353012
200,20,0.70164282,0.756439748,0.116938375,0.043613933
200,21,0.676001392,0.751703216,0.122302039,0.03686239
200,22,0.699028622,0.751568212,0.116673412,0.051028967
200,23,0.690242004,0.7507472,0.117729144,0.040199713
200,24,0.672025762,0.7595044,0.082807114,0.044128079
200,25,0.693165348,0.753209046,0.242551709,0.137444164
200,26,0.688162068,0.762085054,0.137731989,0.032742827
200,27,0.664338624,0.75577406,0.19529497,0.046117757
200,28,0.671998624,0.738366628,0.153899581,0.079615621
200,29,0.661209738,0.761368152,0.032214152,0.04332045
200,30,0.668626972,0.7627584,0.236387065,0.049616042
200,31,0.691174734,0.756464762,0.079367881,0.047419385
200,32,0.69548884,0.744472392,0.060856047,0.040892502
200,33,0.672296072,0.763421404,0.126703865,0.031548833
200,34,0.670894028,0.75515254,0.123497443,0.022555502
200,35,0.672241248,0.756848184,0.088044261,0.064802868
200,36,0.665319132,0.753521928,0.035429393,0.092503123
200,37,0.67519483,0.76067906,0.150588402,0.053688484
200,38,0.692656574,0.759542446,0.182841789,0.077969797
200,39,0.67300712,0.762200318,0.1917552,0.078526248
200,40,0.687569516,0.755269868,0.137867173,0.064646138
200,41,0.70286379,0.74927938,0.138992925,0.059808012
200,42,0.686304372,0.752446094,0.106990753,0.052479438
200,43,0.69331775,0.753917888,0.161626833,0.019837036
200,44,0.67370858,0.759284122,0.189435343,0.05171606
200,45,0.68115938,0.767770152,0.14697987,0.05385231
200,46,0.67426229,0.750263016,0.142385634,0.104772331
200,47,0.68990142,0.746693792,0.181733697,0.049229232
200,48,0.67013655,0.769934848,0.152330521,0.061476806
200,49,0.6705351,0.76201513,0.169715082,0.035201544
200,50,0.70405082,0.74902,0.120574564,0.09029606
200,51,0.65662986,0.772833508,0.189047966,0.025722192
200,52,0.646340926,0.763595288,0.129573266,0.045807087
200,53,0.664040278,0.764325002,0.105033449,0.051561823
200,54,0.660682546,0.778198576,0.231620228,0.077091531
200,55,0.68408448,0.757706692,0.222354486,0.040218701
200,56,0.674603486,0.768206428,0.155123899,0.049779439
200,57,0.670738384,0.765096608,0.122317767,0.067161632
200,58,0.665721604,0.756880472,0.228890079,0.132443022
200,59,0.668691214,0.754360162,0.187594341,0.102985172
200,60,0.69625706,0.755688238,0.103533046,0.019351304
200,61,0.683340782,0.76140382,0.07316773,0.025244098
200,62,0.633714808,0.78589479,0.093034058,0.075213239
200,63,0.6818759,0.760838556,0.152653669,0.035931823
200,64,0.679799878,0.768645692,0.141623884,0.077355624
200,65,0.69233388,0.753221848,0.071190984,0.045272865
200,66,0.668092108,0.75851658,0.084030642,0.041751517
200,67,0.694139014,0.76583028,0.211117702,0.089258045
200,68,0.695149574,0.75430259,0.199653939,0.083672938
200,69,0.678787972,0.762740586,0.167100545,0.061407233
200,70,0.635468624,0.775329088,0.086153348,0.070195154
200,71,0.696794066,0.752463018,0.174844013,0.057973194
200,72,0.70365091,0.75201795,0.099001756,0.03944893
200,73,0.672421268,0.748416146,0.092665913,0.044124353
200,74,0.6584681,0.752299058,0.086251505,0.027016748
200,75,0.69728453,0.768774474,0.24780325,0.094366376
200,76,0.692891412,0.759444146,0.094755889,0.056400172
200,77,0.703896252,0.749822892,0.16728569,0.048415956
200,78,0.68703616,0.757609304,0.14697296,0.053793644
200,79,0.684245442,0.752575172,0.163560436,0.018803398
200,80,0.680387514,0.762200194,0.234435907,0.111547145
200,81,0.71951698,0.758141264,0.158923674,0.049346028
200,82,0.675884956,0.76673693,0.081987441,0.040426166
200,83,0.681416066,0.755158578,0.142677967,0.070045205
200,84,0.690914418,0.762732076,0.198208072,0.091614365
200,85,0.66262265,0.758397132,0.087994612,0.073426926
200,86,0.684992772,0.760940828,0.090371598,0.028912877
200,87,0.693941728,0.764850718,0.114078092,0.057752398
200,88,0.688548106,0.74637128,0.16667815,0.060501011
200,89,0.670350542,0.763669538,0.234184335,0.077521966
200,90,0.678975454,0.773619064,0.159082868,0.05989819
200,91,0.684645696,0.762223322,0.103747629,0.065656657
200,92,0.727256282,0.741772292,0.209500465,0.047991492
200,93,0.71217592,0.74794426,0.178590843,0.130677972
200,94,0.71451925,0.75809,0.215566346,0.082910477
200,95,0.691912628,0.757797478,0.121646369,0.052635115
200,96,0.70046819,0.75414036,0.121542597,0.036823963
200,97,0.68478872,0.764749444,0.135633484,0.022657324
200,98,0.697434812,0.762842882,0.150768888,0.038445578
200,99,0.673711974,0.753200288,0.129354286,0.092716406
500,0,10.9527872,0,1.339834489,0
500,1,11.0050063,0,1.438749179,0
500,2,10.6734625,0,1.433113673,0
500,3,10.004973,0,1.064490656,0
500,4,8.1727548,0.01025641,1.362657575,0.011518028
500,5,5.0059272,0.10734805,1.673021651,0.090562521
500,6,2.65886104,0.229340162,1.188935776,0.072683354
500,7,1.5618615,0.327786594,0.616639487,0.077327092
500,8,1.06505298,0.433135032,0.177347838,0.078884952
500,9,0.945907068,0.478778526,0.137117947,0.059512032
500,10,0.8649278,0.526506016,0.160507597,0.051853581
500,11,0.784849306,0.574476072,0.207298668,0.048280331
500,12,0.76733772,0.596390338,0.121058257,0.099797909
500,13,0.744406378,0.63763278,0.061135872,0.042356873
500,14,0.725582382,0.654478746,0.162900818,0.057269834
500,15,0.750296896,0.646704684,0.15693551,0.071367476
500,16,0.696711046,0.69212647,0.107399813,0.083611473
500,17,0.71079015,0.68097166,0.17846153,0.057710504
500,18,0.701718806,0.698901768,0.090019434,0.063488213
500,19,0.721414218,0.69465371,0.153508182,0.064571099
500,20,0.7172739,0.71376532,0.107769892,0.040661328
500,21,0.709273764,0.69299443,0.144681935,0.048533305
500,22,0.7022967,0.7157174,0.054866635,0.044996936
500,23,0.691290574,0.720777286,0.146367098,0.071425198
500,24,0.681619482,0.734045916,0.083917927,0.054497564
500,25,0.674611254,0.722574496,0.179594799,0.04455973
500,26,0.709321894,0.725728608,0.198819176,0.096055475
500,27,0.67601315,0.719590194,0.15575519,0.081327114
500,28,0.697070574,0.727865786,0.084427262,0.046012637
500,29,0.719909712,0.732016042,0.120504297,0.050590197
500,30,0.674638686,0.75106382,0.077136831,0.050086672
500,31,0.691934514,0.744477448,0.168679636,0.051086766
500,32,0.70669964,0.72882741,0.20233454,0.064559743
500,33,0.700401302,0.716172842,0.106835549,0.074376414
500,34,0.704729996,0.740998214,0.091919247,0.046716052
500,35,0.690968026,0.74141415,0.057472544,0.039203469
500,36,0.68179073,0.735398766,0.056524894,0.062447239
500,37,0.657543706,0.734964402,0.139235544,0.040185678
500,38,0.680440094,0.740024942,0.15315714,0.031573329
500,39,0.710883958,0.7506224,0.14110858,0.061255661
500,40,0.682326922,0.748117674,0.130305954,0.051072548
500,41,0.712031944,0.72162161,0.143134594,0.078668691
500,42,0.702066896,0.74425927,0.111113884,0.054705883
500,43,0.693531282,0.744363204,0.129346365,0.050987648
500,44,0.693216712,0.746520122,0.113032348,0.067737862
500,45,0.70130692,0.748930808,0.154163312,0.077852205
500,46,0.688149202,0.740317284,0.074177455,0.018085358
500,47,0.71250226,0.742739374,0.124912935,0.014694695
500,48,0.672609174,0.745189312,0.128057504,0.088876236
500,49,0.678739308,0.743085788,0.135640253,0.060897362
500,50,0.694384116,0.748906846,0.186571795,0.062650654
500,51,0.672493196,0.7555146,0.115562058,0.055785266
500,52,0.675051388,0.7500902,0.106210154,0.066408141
500,53,0.69905039,0.73213844,0.083975979,0.035056563
500,54,0.683164072,0.741034378,0.084168831,0.022011635
500,55,0.710048774,0.733676558,0.239067802,0.047209058
500,56,0.694577728,0.746053448,0.076419449,0.036200004
500,57,0.691771514,0.750208198,0.262687528,0.069992523
500,58,0.700629718,0.73312846,0.151119362,0.070688221
500,59,0.658865852,0.74871644,0.1453125,0.043981703
500,60,0.7060244,0.735222946,0.078107931,0.027570145
500,61,0.67313968,0.757178534,0.092465703,0.04573725
500,62,0.67041747,0.757662884,0.117733105,0.04586617
500,63,0.712671472,0.743567448,0.116379834,0.049898485
500,64,0.677368842,0.754271508,0.173613578,0.039885842
500,65,0.703247802,0.747464572,0.076122718,0.062714988
500,66,0.661667216,0.757920202,0.140024838,0.032228939
500,67,0.712186696,0.741282192,0.052291899,0.033409448
500,68,0.710915804,0.74483388,0.137269195,0.04819614
500,69,0.69474103,0.746204824,0.135612299,0.037003149
500,70,0.714581108,0.746083244,0.179326029,0.048272762
500,71,0.68974745,0.74212453,0.149808919,0.07998941
500,72,0.676051496,0.754040708,0.086849498,0.050423695
500,73,0.696318296,0.743588188,0.13101261,0.050436176
500,74,0.689634298,0.748466252,0.229904069,0.071218068
500,75,0.654610796,0.759852226,0.174962301,0.041360614
500,76,0.693281698,0.753621414,0.123109975,0.018010255
500,77,0.704136738,0.745010814,0.048000878,0.050703135
500,78,0.675880748,0.75519262,0.159756949,0.098222791
500,79,0.678013954,0.763166314,0.093676876,0.035334419
500,80,0.703930586,0.749168654,0.214730216,0.032527804
500,81,0.69330844,0.756524308,0.17217761,0.04554956
500,82,0.658582306,0.759752514,0.110846993,0.057613689
500,83,0.688013952,0.751397844,0.105720808,0.035513325
500,84,0.676916106,0.747525068,0.106533345,0.038191765
500,85,0.67568964,0.756969304,0.144908631,0.04046827
500,86,0.66555645,0.752944726,0.228716437,0.050023
500,87,0.685372178,0.75024391,0.137637422,0.051778187
500,88,0.65790404,0.753216762,0.062411082,0.040287897
500,89,0.695377808,0.749320134,0.168684062,0.056370043
500,90,0.663042732,0.75682016,0.141946277,0.048790436
500,91,0.70261103,0.74752715,0.101651103,0.036376621
500,92,0.701586388,0.74410774,0.113395328,0.055927735
500,93,0.70786798,0.755880556,0.141599779,0.056995743
500,94,0.69366492,0.745079662,0.221474625,0.076282583
500,95,0.67683215,0.746915096,0.091758946,0.059324894
500,96,0.703603756,0.740214402,0.103775394,0.046966201
500,97,0.69504897,0.753249148,0.190206318,0.046024113
500,98,0.690498508,0.743757648,0.158854542,0.034898659
500,99,0.676860052,0.755485286,0.136834716,0.033309489
1000,0,10.9281442,0,0.671459387,0
1000,1,10.7999134,0,0.677099264,0
1000,2,10.956184,0,0.93251472,0
1000,3,10.831046,0,0.985673834,0
1000,4,10.6086798,0,0.562299843,0
1000,5,10.4469809,0,0.597685597,0
1000,6,9.7953792,0.000128123,0.74299952,0.000604716
1000,7,8.9433316,0.004468782,1.004031931,0.007480658
1000,8,7.46211328,0.022170835,0.758894145,0.018223609
1000,9,5.90485266,0.065629569,1.481661721,0.051007107
1000,10,4.31815396,0.128890866,1.143796042,0.058615743
1000,11,3.08382508,0.192079718,0.554396513,0.040688006
1000,12,2.30794348,0.244530696,0.621854507,0.083287284
1000,13,1.77502684,0.293769032,0.273176414,0.050366003
1000,14,1.45082758,0.337952412,0.308369169,0.043790337
1000,15,1.2584791,0.36958412,0.230111199,0.04709761
1000,16,1.13546498,0.416963124,0.141879889,0.021056644
1000,17,0.994261084,0.459958132,0.221194478,0.070630675
1000,18,0.94127618,0.498796556,0.183305351,0.078749572
1000,19,0.8742236,0.519664318,0.12935993,0.033796748
1000,20,0.838907642,0.547493436,0.087912814,0.047170276
1000,21,0.809234926,0.562821714,0.07259158,0.041119393
1000,22,0.782391104,0.562404012,0.164833489,0.077621171
1000,23,0.762602926,0.604316254,0.134872459,0.06627279
1000,24,0.805381532,0.59554318,0.134533642,0.033453409
1000,25,0.773288876,0.60866882,0.171900986,0.059619452
1000,26,0.731113526,0.633462898,0.113284574,0.051425475
1000,27,0.726597472,0.646931226,0.087446958,0.022222917
1000,28,0.737573088,0.655157934,0.083434667,0.064807569
1000,29,0.69373874,0.66454314,0.142203168,0.034062721
1000,30,0.69962236,0.65571786,0.101798671,0.040252103
1000,31,0.70015728,0.672893892,0.08838874,0.054422725
1000,32,0.73343952,0.66897876,0.228309466,0.062173677
1000,33,0.693364944,0.677701392,0.092024254,0.075195252
1000,34,0.702782916,0.68964716,0.047888044,0.032194549
1000,35,0.678602426,0.687633594,0.04473762,0.051538506
1000,36,0.704722988,0.697168048,0.114847381,0.044712049
1000,37,0.678021216,0.6998191,0.079467861,0.034861411
1000,38,0.700024768,0.693523122,0.0450168,0.038883819
1000,39,0.673981658,0.70730814,0.163158675,0.047229412
1000,40,0.697218324,0.702588196,0.089349873,0.060305807
1000,41,0.688912266,0.701950156,0.148443437,0.064277344
1000,42,0.697592396,0.703460962,0.136985394,0.052834651
1000,43,0.682052678,0.717449088,0.159580913,0.043265564
1000,44,0.687600486,0.709959678,0.111696282,0.039380262
1000,45,0.6808316,0.719791692,0.043540749,0.020093227
1000,46,0.682935386,0.720172074,0.038678178,0.046484322
1000,47,0.686719436,0.71503833,0.094855564,0.043108267
1000,48,0.6674089,0.726245432,0.103489434,0.053678944
1000,49,0.675476374,0.713380674,0.10616448,0.063235246
1000,50,0.68251722,0.723653632,0.057472027,0.073666815
1000,51,0.705014986,0.712169464,0.119264331,0.048806605
1000,52,0.663176162,0.729523946,0.084066049,0.04977594
1000,53,0.687664558,0.732590532,0.083733298,0.044172479
1000,54,0.6818148,0.727980328,0.133600715,0.039388216
1000,55,0.68411553,0.72586952,0.120030914,0.048876108
1000,56,0.693209786,0.723065728,0.151871564,0.05558153
1000,57,0.674300998,0.735287152,0.106072967,0.054619305
1000,58,0.660773034,0.73478173,0.119878293,0.056546603
1000,59,0.669907412,0.7376329,0.030759542,0.031344552
1000,60,0.670882212,0.732326842,0.08748977,0.031909056
1000,61,0.6704813,0.72516957,0.068715031,0.034183414
1000,62,0.678632018,0.737624372,0.089623939,0.043848687
1000,63,0.677867188,0.737652044,0.127762847,0.023880526
1000,64,0.689676822,0.733501892,0.158422958,0.062277498
1000,65,0.722257762,0.713391082,0.094197008,0.044720849
1000,66,0.671238814,0.741722234,0.044396127,0.033670858
1000,67,0.679816208,0.738532886,0.100134906,0.060178482
1000,68,0.668835548,0.729428634,0.132978845,0.049102198
1000,69,0.652652934,0.749928652,0.099880929,0.033281236
1000,70,0.661075228,0.745926988,0.044768316,0.044585016
1000,71,0.653239876,0.743647664,0.091954736,0.051505666
1000,72,0.655977246,0.742192772,0.162785467,0.065666304
1000,73,0.664122278,0.749455298,0.035476632,0.020812331
1000,74,0.653254762,0.75489925,0.102738486,0.062187715
1000,75,0.712036134,0.735407012,0.152003497,0.063529768
1000,76,0.691226282,0.733878822,0.145238866,0.061329251
1000,77,0.697560532,0.738504812,0.134434359,0.037766253
1000,78,0.681121136,0.740448722,0.104655735,0.022249965
1000,79,0.653441614,0.737872466,0.106799924,0.043586863
1000,80,0.67284338,0.746874478,0.100542928,0.059812506
1000,81,0.670354448,0.75385169,0.160103342,0.057831579
1000,82,0.681070672,0.75370914,0.11520359,0.05484405
1000,83,0.686920166,0.73613898,0.083033587,0.056593792
1000,84,0.651897202,0.750939684,0.102207203,0.039296868
1000,85,0.665108944,0.73639378,0.079252654,0.028858456
1000,86,0.667332996,0.748784992,0.164617072,0.041722074
1000,87,0.68790288,0.741505604,0.181201958,0.064011148
1000,88,0.655254928,0.75493713,0.106794571,0.038563922
1000,89,0.667688052,0.73960747,0.110184182,0.045396095
1000,90,0.662424966,0.751324586,0.138930745,0.082124838
1000,91,0.680663852,0.73155673,0.103522691,0.029288329
1000,92,0.658045272,0.752663524,0.054369637,0.021079109
1000,93,0.691807356,0.74018924,0.184640586,0.039922972
1000,94,0.688488468,0.742087108,0.102647908,0.043044617
1000,95,0.652671042,0.755836392,0.071192458,0.037199501
1000,96,0.695488842,0.750630386,0.152951379,0.0548203
1000,97,0.662332666,0.748574774,0.029492066,0.055819864
1000,98,0.667388226,0.742671254,0.179912028,0.069240128
1000,99,0.66449721,0.75155795,0.133925831,0.0718798
2000,0,10.9257326,0,0.67606436,0
2000,1,10.9433604,0,0.46815253,0
2000,2,10.8302762,0,0.761591476,0
2000,3,10.8860398,0,0.921984406,0
2000,4,10.8245657,0,0.58894979,0
2000,5,10.74372,0,0.813951707,0
2000,6,10.6242584,0,0.752542187,0
2000,7,10.5992824,0,0.899398637,0
2000,8,10.4799154,0,0.340082051,0
2000,9,10.3110332,0,0.815527507,0
2000,10,10.1386238,0,0.486142466,0
2000,11,9.68766,0.000371926,0.859657482,0.000455761
2000,12,9.3418678,0.002401174,0.652420787,0.004757112
2000,13,8.578551,0.009485863,0.480691403,0.008492537
2000,14,7.9117572,0.023933261,0.635021697,0.024969496
2000,15,7.17269122,0.038382688,0.854959971,0.029876645
2000,16,6.37777946,0.062819133,0.76887852,0.034667142
2000,17,5.5029664,0.095737416,0.431455961,0.037489026
2000,18,4.7988553,0.128875986,0.716622827,0.043434293
2000,19,4.10310536,0.157017988,0.596078708,0.028561928
2000,20,3.41094142,0.183555194,0.57961919,0.032318303
2000,21,3.0294449,0.20929042,0.519149966,0.023941905
2000,22,2.69737538,0.231053318,0.429330173,0.055401771
2000,23,2.33331014,0.253575066,0.20630099,0.033284237
2000,24,2.08301436,0.269696646,0.346246165,0.058687949
2000,25,1.91893368,0.284218,0.368232796,0.046236005
2000,26,1.75102812,0.31429808,0.336243222,0.04497527
2000,27,1.57299934,0.331900886,0.283415139,0.026650251
2000,28,1.50532546,0.349903504,0.181344671,0.055228506
2000,29,1.43544484,0.359117738,0.136165903,0.028315924
2000,30,1.37135954,0.375720292,0.270067264,0.038584816
2000,31,1.23898996,0.408153404,0.265180706,0.029930506
2000,32,1.26566726,0.403378752,0.148229952,0.044098875
2000,33,1.21093972,0.422046284,0.272720036,0.072310956
2000,34,1.11074116,0.455083548,0.103586166,0.023045669
2000,35,1.07982044,0.458595596,0.055858416,0.040745141
2000,36,1.0420249,0.468203636,0.114348739,0.037265787
2000,37,1.05472218,0.45661918,0.1231701,0.047565072
2000,38,1.02528934,0.476870742,0.067501263,0.037891274
2000,39,0.98716317,0.502458022,0.06515503,0.026558754
2000,40,1.019237512,0.4889258,0.115910083,0.028357062
2000,41,0.979091656,0.498701872,0.086929407,0.02162769
2000,42,0.972350214,0.510575954,0.086852008,0.027578753
2000,43,0.943851126,0.5278981,0.159213076,0.044521573
2000,44,0.948948988,0.526228878,0.153600794,0.053208018
2000,45,0.9732253,0.521633358,0.160644822,0.054062348
2000,46,0.940558408,0.54883477,0.126502925,0.02843139
2000,47,0.943697502,0.520473828,0.107700035,0.031298913
2000,48,0.910621052,0.544621412,0.216736262,0.05814122
2000,49,0.935164806,0.53697046,0.106848388,0.063664939
2000,50,0.91013837,0.561321558,0.109795946,0.033511957
2000,51,0.893715802,0.55721846,0.105133069,0.028113065
2000,52,0.873845926,0.573678682,0.086441857,0.058722762
2000,53,0.877214788,0.569975072,0.074037704,0.036819575
2000,54,0.906585008,0.563701936,0.157150677,0.048753439
2000,55,0.872307522,0.576227948,0.121695083,0.043512401
2000,56,0.895736572,0.575791162,0.126058182,0.04277435
2000,57,0.861007192,0.594119384,0.132502197,0.049393601
2000,58,0.867589434,0.579945946,0.143245215,0.046895947
2000,59,0.855699002,0.584347036,0.188898432,0.066420757
2000,60,0.867034896,0.583686916,0.172321665,0.022584113
2000,61,0.855169968,0.591836936,0.138822842,0.069200454
2000,62,0.87137294,0.592535302,0.139393308,0.024694923
2000,63,0.845855218,0.59787876,0.192457258,0.069780191
2000,64,0.872599564,0.588115626,0.178107128,0.039368976
2000,65,0.870933276,0.59842699,0.159493109,0.037816731
2000,66,0.85808888,0.603063274,0.126764807,0.032644469
2000,67,0.857166786,0.595983268,0.138872965,0.030521513
2000,68,0.8387696,0.604756326,0.144262745,0.054374105
2000,69,0.80996383,0.60868394,0.176890555,0.058351556
2000,70,0.873569126,0.607842766,0.186010189,0.027982558
2000,71,0.82610034,0.611598844,0.162937066,0.066817289
2000,72,0.83732081,0.604220866,0.136288352,0.041042345
2000,73,0.84994462,0.615662702,0.10135138,0.047208237
2000,74,0.844529566,0.61408168,0.138702165,0.026396141
2000,75,0.85892322,0.613575548,0.060142827,0.04316797
2000,76,0.843481652,0.620490396,0.128738245,0.050630796
2000,77,0.854554286,0.610115714,0.151503348,0.01019731
2000,78,0.83794102,0.615255276,0.164494761,0.056337403
2000,79,0.851969764,0.615232844,0.161731385,0.027862959
2000,80,0.850767822,0.6247858,0.100853312,0.039390702
2000,81,0.857366672,0.621214116,0.195713134,0.026196187
2000,82,0.818176804,0.626178606,0.089719069,0.050240543
2000,83,0.840685502,0.628909822,0.105603869,0.06502752
2000,84,0.85386818,0.61962921,0.117345379,0.034646014
2000,85,0.862094988,0.615192526,0.113278428,0.021502445
2000,86,0.841699922,0.632457368,0.140793821,0.015435939
2000,87,0.839450348,0.622036852,0.090747948,0.03830239
2000,88,0.823982052,0.625775436,0.142743928,0.038671791
2000,89,0.822512222,0.628796922,0.06762581,0.049982841
2000,90,0.814712208,0.63002908,0.060148914,0.022302541
2000,91,0.787784792,0.63355467,0.09826149,0.042166278
2000,92,0.83169957,0.630402022,0.100491451,0.058447325
2000,93,0.82184531,0.638439634,0.04848932,0.038350366
2000,94,0.840203842,0.62773612,0.126868862,0.059138923
2000,95,0.826484672,0.643126398,0.085776196,0.032189143
2000,96,0.844404692,0.63452566,0.131453966,0.016187295
2000,97,0.816821116,0.6343922,0.062647022,0.036356288
2000,98,0.841555972,0.631440554,0.194581593,0.053484895
2000,99,0.815569526,0.623525878,0.12988197,0.07230301
3000,0,10.8796388,0,0.24843867,0
3000,1,10.8941882,0,0.435314638,0
3000,2,10.861523,0,0.418126415,0
3000,3,10.9307245,0,0.768434844,0
3000,4,10.8658969,0,0.447784725,0
3000,5,10.884033,0,0.437095507,0
3000,6,10.8600287,0,0.88751272,0
3000,7,10.8818878,0,0.379362987,0
3000,8,10.6383335,0,0.385848591,0
3000,9,10.7761295,0,0.310295421,0
3000,10,10.6539809,0,0.463422032,0
3000,11,10.5366906,0,0.759230803,0
3000,12,10.3736971,0,0.430822995,0
3000,13,10.3523448,0,0.779073198,0
3000,14,10.0760027,0,0.831309977,0
3000,15,9.9762022,0,0.650133484,0
3000,16,9.6662458,0.000307422,0.791828505,0.00105756
3000,17,9.354693,0.001781484,1.172170862,0.003852665
3000,18,9.0917444,0.003659959,0.835812456,0.009694815
3000,19,8.502594,0.009326398,0.890523488,0.01399701
3000,20,8.063661,0.015833213,1.367461631,0.023169927
3000,21,7.566466,0.024042713,1.095416564,0.026501889
3000,22,7.14676838,0.034363208,1.142484961,0.033030378
3000,23,6.51726196,0.054194265,1.243609977,0.033263258
3000,24,5.92415122,0.078866589,1.447424015,0.075384105
3000,25,5.51098242,0.097230226,1.76350504,0.073216299
3000,26,4.93965242,0.12029082,1.249871994,0.077091244
3000,27,4.42997966,0.141093365,1.130391989,0.052643965
3000,28,3.98097826,0.161462002,1.064771779,0.068506405
3000,29,3.64663606,0.183033194,0.99157218,0.068645475
3000,30,3.32534834,0.197239802,0.933530602,0.052608865
3000,31,2.96215714,0.213090722,0.652902425,0.032562015
3000,32,2.82254884,0.226462608,0.824616113,0.066109486
3000,33,2.49052518,0.242417404,0.65220765,0.048552882
3000,34,2.27495906,0.26659817,0.288105303,0.027674924
3000,35,2.08311434,0.268101178,0.3832815,0.033637994
3000,36,2.02101808,0.284654404,0.539352204,0.080653853
3000,37,1.92692818,0.294268426,0.300144567,0.031919826
3000,38,1.80483386,0.30555834,0.391993875,0.046235748
3000,39,1.59820112,0.333348588,0.273746028,0.031496049
3000,40,1.61401582,0.321263206,0.191350944,0.057466034
3000,41,1.5276821,0.340868168,0.173496577,0.064863192
3000,42,1.48114196,0.347846436,0.091773256,0.026324746
3000,43,1.34386158,0.36895254,0.31866721,0.082149111
3000,44,1.35290486,0.3676849,0.128463825,0.028031475
3000,45,1.29102908,0.381434788,0.181471941,0.055092374
3000,46,1.23783232,0.395847824,0.175790509,0.049810521
3000,47,1.22004362,0.40118172,0.083606984,0.030549635
3000,48,1.16023812,0.407953896,0.128021812,0.033703534
3000,49,1.17566318,0.40628155,0.217683434,0.067531359
3000,50,1.1032879,0.429833436,0.08159417,0.016763589
3000,51,1.0963533,0.430366132,0.163993636,0.035358452
3000,52,1.0371919,0.446660996,0.215672927,0.045137604
3000,53,1.05314116,0.454475646,0.184336715,0.046854567
3000,54,1.0035811,0.462910266,0.135072473,0.020016536
3000,55,1.03527118,0.458389534,0.291677133,0.062163848
3000,56,0.978942744,0.474365534,0.072938561,0.048634317
3000,57,0.993736774,0.477523694,0.123821611,0.032035923
3000,58,0.978599588,0.470605682,0.122828091,0.050331361
3000,59,0.953167366,0.487106768,0.112715229,0.031132892
3000,60,0.950185702,0.47425012,0.118103795,0.050079982
3000,61,0.949512858,0.484684646,0.111139477,0.034006018
3000,62,0.921422454,0.493518292,0.113610673,0.030027044
3000,63,0.911684254,0.499381916,0.097716257,0.045239902
3000,64,0.923027032,0.493901578,0.142114432,0.043879606
3000,65,0.938330612,0.493660558,0.08407466,0.029560839
3000,66,0.889114854,0.521025104,0.083407362,0.057910083
3000,67,0.92026614,0.508099544,0.08476181,0.044556077
3000,68,0.873186988,0.506918016,0.05807869,0.029066874
3000,69,0.871196164,0.527284568,0.159941575,0.059161293
3000,70,0.857502246,0.525625158,0.149368594,0.070866721
3000,71,0.8472022,0.53306585,0.088385954,0.059899023
3000,72,0.876350256,0.52234826,0.086727463,0.032536877
3000,73,0.850804602,0.5413395,0.134709698,0.05212394
3000,74,0.872288772,0.540056594,0.09318834,0.043282502
3000,75,0.86831788,0.540717862,0.157352804,0.055325064
3000,76,0.853635468,0.542109948,0.160429546,0.077798638
3000,77,0.849038658,0.54383301,0.10960465,0.088162386
3000,78,0.83411093,0.54062425,0.050903523,0.039827764
3000,79,0.84675688,0.548099122,0.112020443,0.04535416
3000,80,0.823013208,0.56753881,0.06495503,0.069079546
3000,81,0.81530162,0.566195654,0.094235379,0.066154212
3000,82,0.831889906,0.559705408,0.122397658,0.069292377
3000,83,0.82439971,0.551299016,0.137429527,0.028132002
3000,84,0.81781984,0.563445516,0.147455561,0.068501697
3000,85,0.84087288,0.548113452,0.085337179,0.034208733
3000,86,0.844044522,0.55495378,0.113111873,0.014984691
3000,87,0.830566804,0.558559616,0.099284849,0.067223363
3000,88,0.827453694,0.571300508,0.090518736,0.042421992
3000,89,0.844775666,0.556999936,0.14996642,0.056253093
3000,90,0.788344686,0.580976088,0.084272217,0.026330763
3000,91,0.803999344,0.574909256,0.101682741,0.037616046
3000,92,0.808467162,0.579123704,0.140449203,0.056269562
3000,93,0.796160638,0.581075892,0.157675882,0.053704131
3000,94,0.795624206,0.580433254,0.185244201,0.031193478
3000,95,0.7880401,0.581611232,0.122114546,0.041986349
3000,96,0.840257244,0.56976382,0.167687,0.052956295
3000,97,0.78600589,0.598083576,0.138764801,0.059069403
3000,98,0.781046196,0.57500825,0.166752057,0.0792237
3000,99,0.808252502,0.57390322,0.02259815,0.028757232
4000,0,10.7657401,0,0.37145072,0
4000,1,10.8214622,0,0.895161455,0
4000,2,10.8344942,0,0.809610845,0
4000,3,10.8505844,0,0.826920025,0
4000,4,10.7621398,0,0.846642799,0
4000,5,10.7736057,0,0.71546037,0
4000,6,10.745026,0,0.698227887,0
4000,7,10.6817554,0,0.611958725,0
4000,8,10.7541358,0,0.726882883,0
4000,9,10.7522722,0,0.637755966,0
4000,10,10.7166642,0,1.000221767,0
4000,11,10.722141,0,0.891269889,0
4000,12,10.6967097,0,0.56957502,0
4000,13,10.6699658,0,0.847683949,0
4000,14,10.5584246,0,0.400525578,0
4000,15,10.3156086,0,0.752413504,0
4000,16,10.3643664,0,0.56939246,0
4000,17,10.1759498,0,0.27558841,0
4000,18,10.1654818,0,0.795401449,0
4000,19,10.0501978,0,0.774142966,0
4000,20,9.8545578,0.000117751,0.801970151,0.000907555
4000,21,9.700294,0.000556152,0.764354903,0.001748065
4000,22,9.5847912,0.001260499,0.698947838,0.003774288
4000,23,9.1873086,0.00299164,0.672594073,0.004825293
4000,24,8.9006508,0.005722609,0.514065082,0.006501573
4000,25,8.6333614,0.010445943,0.773824427,0.011237531
4000,26,8.2578174,0.018933113,0.658265214,0.017477289
4000,27,7.87533908,0.024923929,0.40250046,0.013956468
4000,28,7.53037326,0.033089449,0.61972905,0.025549474
4000,29,7.18722294,0.041311358,0.480022572,0.012300658
4000,30,6.73810718,0.057970014,0.960003568,0.037722754
4000,31,6.43465114,0.072375166,0.90623895,0.030860699
4000,32,6.04162648,0.085721596,1.094868789,0.046294084
4000,33,5.56346868,0.105378112,0.74810869,0.046906752
4000,34,5.20210016,0.118431406,0.428502924,0.026042983
4000,35,4.67672834,0.134796256,0.846318095,0.041344755
4000,36,4.39024234,0.152921418,1.059849549,0.036120783
4000,37,4.20494358,0.164259294,0.64132461,0.041385092
4000,38,3.87653108,0.177739494,0.719815088,0.048888283
4000,39,3.49191114,0.196674698,0.587794644,0.016383642
4000,40,3.34305582,0.196458786,0.656296176,0.022411468
4000,41,3.13271006,0.210604188,0.532060415,0.018637708
4000,42,3.074122,0.214066582,0.348017378,0.026290728
4000,43,2.77297702,0.229856928,0.468981969,0.018098198
4000,44,2.67183032,0.233473516,0.219089784,0.036969352
4000,45,2.48197516,0.249294928,0.626938812,0.056598703
4000,46,2.3267713,0.264898082,0.111742789,0.020991436
4000,47,2.2819223,0.258813304,0.299279694,0.019204294
4000,48,2.16178984,0.27330655,0.164746963,0.030794502
4000,49,2.11519972,0.27611479,0.493546664,0.029691348
4000,50,1.92242646,0.295494336,0.119102392,0.022565817
4000,51,1.9057574,0.299997308,0.261360397,0.028024943
4000,52,1.71448194,0.31692594,0.233527881,0.040555218
4000,53,1.70699294,0.323002456,0.276583941,0.03455915
4000,54,1.65234404,0.33450588,0.398852531,0.028916768
4000,55,1.67282532,0.328214158,0.192576027,0.071223821
4000,56,1.58653896,0.341056646,0.211904032,0.046875546
4000,57,1.5119594,0.354397052,0.1955236,0.030269534
4000,58,1.49460412,0.355136974,0.142884757,0.012616206
4000,59,1.4740101,0.35781128,0.208893709,0.046947843
4000,60,1.46066132,0.362181522,0.257750159,0.023372869
4000,61,1.38345452,0.364036784,0.115909927,0.016748431
4000,62,1.34856592,0.38460992,0.275445292,0.068081296
4000,63,1.34812496,0.38104449,0.20084332,0.033046365
4000,64,1.35168076,0.381370836,0.220581767,0.017829202
4000,65,1.24767874,0.402639848,0.203567043,0.046115829
4000,66,1.22975544,0.408500718,0.131010527,0.030360337
4000,67,1.24852194,0.404224438,0.132797291,0.024902765
4000,68,1.2256232,0.41607065,0.111903117,0.043759151
4000,69,1.18583182,0.420994904,0.092292797,0.02266639
4000,70,1.16493846,0.428444034,0.076048437,0.029870346
4000,71,1.2046502,0.42721205,0.07907367,0.026329899
4000,72,1.187895,0.422094544,0.218714734,0.043822386
4000,73,1.17729014,0.43112827,0.10504233,0.021731246
4000,74,1.10483,0.440465764,0.115707471,0.022270905
4000,75,1.1896453,0.426014272,0.14923495,0.057305549
4000,76,1.15324804,0.43714245,0.229067652,0.062718409
4000,77,1.14358552,0.440167076,0.104279376,0.0590576
4000,78,1.09058754,0.458724024,0.105397104,0.013251067
4000,79,1.10957836,0.447433886,0.092961078,0.046973222
4000,80,1.09037778,0.45471096,0.121906627,0.03347267
4000,81,1.06126718,0.470227726,0.102325098,0.046003931
4000,82,1.04756886,0.476463898,0.135837823,0.022081129
4000,83,1.08040028,0.464079058,0.147596819,0.051514011
4000,84,1.040778,0.479699836,0.164360501,0.031893673
4000,85,1.035006468,0.47926684,0.146730896,0.050527143
4000,86,1.036642252,0.485522248,0.149830922,0.054208467
4000,87,1.037443372,0.479655712,0.170433304,0.020087207
4000,88,1.01197412,0.491700274,0.266859985,0.064776781
4000,89,1.00852384,0.482861874,0.184299156,0.028334881
4000,90,1.01351001,0.49911819,0.204632359,0.041284117
4000,91,0.977198236,0.495952028,0.081490693,0.027765948
4000,92,1.0075759,0.488541028,0.08764861,0.058688352
4000,93,1.00408976,0.490154802,0.136635954,0.041637807
4000,94,0.981521934,0.503265058,0.140718044,0.063624186
4000,95,0.995531168,0.494741064,0.121639441,0.029178388
4000,96,0.9945931,0.499939116,0.18137948,0.049698474
4000,97,1.002732728,0.507729052,0.130978499,0.06813364
4000,98,1.0139099,0.491183818,0.100806245,0.025770998
4000,99,0.98736017,0.502940772,0.125015851,0.047650638
5000,0,10.8573832,0,0.968642517,0
5000,1,10.84151,0,0.504979526,0
5000,2,10.8388411,0,0.442873379,0
5000,3,10.729696,0,0.398060251,0
5000,4,10.7075906,0,0.155027391,0
5000,5,10.8112076,0,0.498822499,0
5000,6,10.7837553,0,0.730197122,0
5000,7,10.6523458,0,0.686796294,0
5000,8,10.6697939,0,0.550767302,0
5000,9,10.5840724,0,0.637149012,0
5000,10,10.6276246,0,0.776783346,0
5000,11,10.694546,0,0.565343198,0
5000,12,10.6941176,0,0.314325686,0
5000,13,10.5530662,0,0.633379691,0
5000,14,10.5602354,0,0.353720384,0
5000,15,10.6351284,0,0.430507158,0
5000,16,10.422472,0,0.592801164,0
5000,17,10.529166,0,0.718250543,0
5000,18,10.4098204,0,0.456637845,0
5000,19,10.3103616,0,0.505658408,0
5000,20,10.3456816,0,0.519138183,0
5000,21,10.2653223,0,0.565314972,0
5000,22,10.1616094,0,0.644596274,0
5000,23,10.0126152,0,0.388016555,0
5000,24,9.889993,0,0.731858216,0
5000,25,9.9139358,0.000126823,1.090756222,0.00059858
5000,26,9.6342426,0.000313381,0.581230373,0.001080181
5000,27,9.3673222,0.001303943,0.837241423,0.002871436
5000,28,9.2797792,0.002547375,0.705486781,0.005428366
5000,29,9.1413658,0.004569312,1.391924492,0.008916228
5000,30,8.8919846,0.00738423,1.266311009,0.009010408
5000,31,8.5521362,0.012707838,1.168209177,0.016316959
5000,32,8.4729894,0.013266269,1.121504083,0.013927235
5000,33,8.09614872,0.020493827,1.26320894,0.023168882
5000,34,7.57069446,0.031253714,1.325727583,0.030380865
5000,35,7.39134802,0.034833181,1.346431766,0.033090685
5000,36,7.06221976,0.046380369,1.418691201,0.039066463
5000,37,6.87635582,0.055311241,1.354935612,0.038956058
5000,38,6.49504314,0.06851621,1.119901389,0.040669311
5000,39,6.0253347,0.085358627,1.244041084,0.055875703
5000,40,5.84853992,0.092186017,0.932261339,0.052519955
5000,41,5.60630784,0.10496543,1.394253381,0.040182101
5000,42,5.25247606,0.12006173,1.051356625,0.024892624
5000,43,4.93990696,0.135588054,1.287624774,0.051284207
5000,44,4.66849726,0.146520152,1.211502374,0.045248779
5000,45,4.58656188,0.153333332,1.239703156,0.041342637
5000,46,4.09112318,0.171325954,0.842555792,0.026308972
5000,47,4.09079728,0.170006338,0.867437148,0.035676259
5000,48,3.7465155,0.189137182,1.104039924,0.046976999
5000,49,3.75467686,0.188732396,0.956604611,0.041880741
5000,50,3.34220612,0.208924832,0.694707023,0.020381138
5000,51,3.242528,0.219109062,0.572894057,0.021797236
5000,52,3.0120981,0.23120866,0.835001393,0.045190739
5000,53,2.93554224,0.23263288,0.960845061,0.036600318
5000,54,2.81268526,0.239640754,0.664583798,0.036100358
5000,55,2.70140038,0.248516056,0.444551103,0.048814774
5000,56,2.62230828,0.256743316,0.63376903,0.054592379
5000,57,2.36958136,0.272456876,0.664559519,0.056430152
5000,58,2.38948644,0.274861708,0.484554523,0.048051591
5000,59,2.25992584,0.281910448,0.502375491,0.050404167
5000,60,2.26342888,0.285987254,0.303376173,0.054073457
5000,61,2.15330536,0.287765292,0.413743223,0.051165503
5000,62,2.04964514,0.300030582,0.385121146,0.042277696
5000,63,2.05220794,0.304972036,0.525176864,0.052433407
5000,64,1.96446632,0.310034174,0.264551105,0.026119284
5000,65,1.91067518,0.317165356,0.321972939,0.035800933
5000,66,1.83900966,0.32702539,0.316830847,0.060152861
5000,67,1.7643827,0.325584186,0.426018993,0.056734486
5000,68,1.72367256,0.3374581,0.162611537,0.019617483
5000,69,1.66351906,0.343915658,0.139801209,0.025980188
5000,70,1.6284231,0.345960836,0.285926804,0.02577732
5000,71,1.56497676,0.350305256,0.132554285,0.013362761
5000,72,1.56957228,0.35336213,0.22742236,0.029344792
5000,73,1.54599326,0.351934202,0.287470587,0.068218395
5000,74,1.510857,0.357668714,0.285053915,0.044501686
5000,75,1.47037172,0.36791872,0.156236191,0.040597954
5000,76,1.46206318,0.368776624,0.107711441,0.053867587
5000,77,1.43838578,0.378066112,0.107491211,0.027964766
5000,78,1.39200596,0.381756546,0.16278625,0.048242167
5000,79,1.40075678,0.372294934,0.194512094,0.020130558
5000,80,1.3582901,0.387114012,0.177704566,0.035366316
5000,81,1.27510992,0.408247422,0.247402671,0.042593172
5000,82,1.29797548,0.396582214,0.20845513,0.057400138
5000,83,1.35054592,0.390414742,0.262544477,0.047554668
5000,84,1.26059348,0.402611604,0.121336444,0.029190263
5000,85,1.35316392,0.386508954,0.159043039,0.036505558
5000,86,1.23631608,0.409254808,0.093464449,0.03394237
5000,87,1.2566127,0.410182928,0.070056365,0.034483973
5000,88,1.2922896,0.39925047,0.089698736,0.053756752
5000,89,1.25275808,0.405686042,0.136422264,0.050712156
5000,90,1.1453144,0.434496922,0.083221391,0.019985623
5000,91,1.2111124,0.428045846,0.163368499,0.054289404
5000,92,1.22449118,0.413284354,0.096513044,0.040939603
5000,93,1.1795955,0.428519204,0.097374562,0.036172825
5000,94,1.17627714,0.426866602,0.188866624,0.041736527
5000,95,1.14786984,0.431948688,0.153859931,0.035502861
5000,96,1.17188616,0.429831552,0.084571409,0.013049763
5000,97,1.16056286,0.436710812,0.070335845,0.063226986
5000,98,1.15868044,0.438555694,0.171066711,0.072314062
5000,99,1.1580571,0.424786598,0.148180202,0.027337131
